Марина,1396969203, /start
Марина,1396969203, /start
Марина,1396969203, /start
Марина,1396969203, /start
Марина,1396969203, /start
Марина,1396969203, /start
Марина,1396969203, /start
Марина,1396969203, /start
Марина,1396969203, /start
Марина,1396969203, /1  5 9
Марина,1396969203, /start
Марина,1396969203, /start
Марина,1396969203, /1
Марина,1396969203, /start
Марина,1396969203, /1
Марина,1396969203, /start
Марина,1396969203, /1
Марина,1396969203, /start
Марина,1396969203, /1
Марина,1396969203, /start
Марина,1396969203, /1
Марина,1396969203, /1
Марина,1396969203, /1
Марина,1396969203, /start
Марина,1396969203, /1
Марина,1396969203, /start
Марина,1396969203, /1
Марина,1396969203, /start
Марина,1396969203, /1
Марина,1396969203, /1
Марина,1396969203, /start
Марина,1396969203, /1
Марина,1396969203, /1
Марина,1396969203, /start
Марина,1396969203, /1
Марина,1396969203, /start
Марина,1396969203, /1
Марина,1396969203, /start
Марина,1396969203, /1
Марина,1396969203, /start
Марина,1396969203, /1
Марина,1396969203, /1
Марина,1396969203, /1 5 6
Марина,1396969203, /start
Марина,1396969203, /1
Марина,1396969203, /1
Марина,1396969203, /start
Марина,1396969203, /1
Марина,1396969203, /1
Марина,1396969203, /1
Марина,1396969203, /start
Марина,1396969203, /1 5 6
