Марина,1396969203, /hi
Марина,1396969203, /time
Марина,1396969203, /sum
Марина,1396969203, /sum
Марина,1396969203, /time
Марина,1396969203, /hi
Марина,1396969203, /hi
Марина,1396969203, /time
Марина,1396969203, /sum
Марина,1396969203, /sum
Марина,1396969203, /help
Марина,1396969203, /sum 123 534543
Марина,1396969203, /sum
Марина,1396969203, /sum 123 45
Марина,1396969203, /w_d
Марина,1396969203, /w_d
Марина,1396969203, /w_d абв вба бав
Марина,1396969203, /help
Марина,1396969203, /hi
Марина,1396969203, /time
Марина,1396969203, /help
Марина,1396969203, /help
Марина,1396969203, /help
Марина,1396969203, /sum
Марина,1396969203, /sum 56 89
Марина,1396969203, /sum 5 55
Марина,1396969203, /sum 56 100
Марина,1396969203, /help
Марина,1396969203, /hi
Марина,1396969203, /time
